video_id,video_title,channel_title,view_count,like_count,total_comments,duration_minutes,comments_collected,total_comment_likes,avg_comment_likes,published_at
-WqjVTgabyk,"Trump threatens Russia, accuses Ukraine of trying to back out of minerals deal",Fox News,308593,4215,2537,8.033333333333333,111,2463.0,22.18918918918919,2025-03-31 10:15:00
-ZGWKThd8u0,Update from Ukraine | Crazy! Trump Begs Putin to Stop | Ukraine Strikes Rus Airbase,Denys Davydov,181782,22295,1879,19.8,136,5571.0,40.963235294117645,2025-04-25 10:02:39
-_PkcdXAtDo,Mass &quot;suicide&quot; of Russians on motorcycles in Ukrainian steppes ‚Äì Invaders to step up such attacks,Kanal13,203162,3320,156,9.966666666666667,25,545.0,21.8,2025-05-01 00:00:06
-qUyy67APF0,Russia-Ukraine War: Russia Unleashes Spring Offensive On Ukraine | GRAVITAS Live | World News | WION,WION,59685,744,49,54.0,1,10.0,10.0,2025-04-11 16:28:16
0OgAC650YXo,Ukraine‚Äôs future after the war: What is the ‚ÄúCoalition of the Willing‚Äù planning?,Global News,7733,85,148,2.1333333333333333,14,213.0,15.214285714285714,2025-03-21 02:15:00
0WQ6qUb8YcI,Russia&#39;s About to Get HIT HARD ‚Äì Neighbors Mobilize for WAR!,The Military Show,274780,6054,981,17.033333333333335,88,2636.0,29.954545454545453,2025-03-23 18:00:00
1UuMyWZiXwU,Russian quad bike bloodbath as Ukraine repels hopeless attack,The Sun,80128,2011,85,8.85,16,271.0,16.9375,2025-04-27 10:00:03
2JsB0wgCsEo,Russia-Ukraine War: Putin Breaches Own &#39;Easter&#39; Truce As Zelenskyy Reports Continued Attacks? Watch,TIMES NOW,37793,221,79,3.6,12,109.0,9.083333333333334,2025-04-20 07:13:16
2NFnk4vFtb0,"Ukraine may have to give up land for peace, says Kyiv Mayor Klitschko | BBC News",BBC News,298249,3334,3269,10.283333333333333,131,3692.0,28.18320610687023,2025-04-25 12:40:09
2RTrgtSG08M,SHOCK MOMENT: Trump Appears To Accuse Zelensky Of Starting Russia-Ukraine War‚ÄîWhich Putin Started,Forbes Breaking News,75392,455,1047,1.6166666666666667,96,2041.0,21.260416666666668,2025-04-14 17:07:36
2Stb9jA3Qps,Ukraine: The impact and implications of Russia&#39;s missile strike on Sumy | Analysis,Sky News,166316,2490,764,3.05,142,4627.0,32.58450704225352,2025-04-14 17:19:56
2T3AbEi5Di8,Russia makes military advances as world awaits ceasefire decision | Ukraine War,Sky News,311440,2282,1470,2.8833333333333333,141,6152.0,43.63120567375886,2025-03-12 22:03:03
2WYRO1-esMs,Ukraine hits Moscow in huge drone strike on Russia after Putin rejects ceasefire,The Sun,577158,13386,1817,15.116666666666667,133,7641.0,57.45112781954887,2025-03-14 17:22:10
34IMHSlgrMk,Ukraine wreaks havoc on Russian tanks as drones repel huge assault,The Sun,92674,1841,117,8.883333333333333,24,267.0,11.125,2025-03-28 08:33:53
3b4RL4gLZUY,Moment Ukrainian drone obliterates Russian air defence after evading two missiles,The Sun,94285,2055,102,8.15,17,226.0,13.294117647058824,2025-04-15 07:00:03
4SiKLkR2b5M,Russia-Ukraine War: Russia Rains Drones &amp; Missiles On Kyiv | World News | WION,WION,70864,704,161,3.433333333333333,31,389.0,12.548387096774194,2025-04-13 04:06:11
4asf0mr8CYA,Dramatic moment Ukrainian helicopters rain down rockets on Russian targets,The Sun,145944,3127,273,8.033333333333333,36,935.0,25.97222222222222,2025-03-22 11:00:06
4hT9a6hgpHk,Ukraine war: Details emerge on reported US peace proposal,Sky News,299866,3389,1351,3.966666666666667,120,5075.0,42.291666666666664,2025-04-23 10:51:40
4q4NV5pty3U,Update from Ukraine | Awesome News! Ruzzians are Running away from Pokrovsk | Putin is in Shock,Denys Davydov,338689,35813,1497,25.283333333333335,183,6061.0,33.12021857923497,2025-04-22 01:38:10
5-J0_DUKjGw,SPARTAN: Ukrainian Soldiers Spill Truth about British IFV,Weapons of Victory,334873,9010,651,10.633333333333333,91,2841.0,31.21978021978022,2025-04-20 14:45:00
5yahRejxpEM,Russians FLEE Crimea As Ukraine Takes Revenge,The Military Show,1471901,30098,2279,16.35,200,14026.0,70.13,2025-03-03 20:00:04
6Ai5Jn_f7l4,"Losing hundreds of thousands of troops, Russia withdrawing from Pokrovsk ‚ÄìUkraine made gains in area",Kanal13,112336,2355,203,8.483333333333333,16,427.0,26.6875,2025-03-30 20:30:06
6_dEed1_gp4,Trump questions Putin&#39;s commitment to peace after Zelenskyy meeting | Ukraine War,Sky News,289885,1815,1045,1.35,104,5319.0,51.14423076923077,2025-04-26 14:52:05
6tV_HKHfMLI,Russia-Ukraine War: Ukraine Reports 105 Battles Across The Frontlines In 4 Hours | WION,WION,50202,371,52,4.683333333333334,9,89.0,9.88888888888889,2025-03-26 13:17:10
7DtPAwD3BaU,Why Ukraine‚Äôs Javelins are Perfect for Destroying Russian Tanks | War on Tape | Daily Mail,Daily Mail World,371896,6088,402,23.766666666666666,41,936.0,22.829268292682926,2025-04-09 15:11:00
7LbRzQZaNuw,UK dramatically ramps up production of explosives in Ukraine aid push,Times Radio,143164,3747,1072,8.416666666666666,83,3179.0,38.30120481927711,2025-04-21 09:34:39
84KWYQ9X3A0,Russia‚Äôs ‚ÄòNightmare‚Äô is Ukraine‚Äôs Two Best Artillery Guns | War on Tape | Daily Mail,Daily Mail World,1389849,21918,1800,20.566666666666666,170,12412.0,73.01176470588236,2025-03-18 19:00:07
84QWFJ3Qpks,This is How Much Russia has Paid for the War in Ukraine,Artur Rehi,174114,12656,719,18.933333333333334,93,2850.0,30.64516129032258,2025-04-26 16:00:10
86mG5VF9Kc0,Ukrainian army begins destruction of military airfields in Crimea and deep inside Russia,Kanal13,126451,3295,148,8.15,30,771.0,25.7,2025-03-02 04:00:06
8BAHRw1_NuA,Update from Ukraine | Ukrainian success on frontline | Trump wants to lift Sanctions from Ruzzia,Denys Davydov,317218,31682,1634,16.416666666666668,116,5267.0,45.4051724137931,2025-03-26 01:07:40
8HGSOhucFso,Russian Assault Team Crumbles as Ukrainian Forces Drones Neutralize Troops Hiding Behind Rubble,TEW22,130768,2173,51,15.916666666666666,13,203.0,15.615384615384615,2025-04-26 16:21:19
9Ga1ErDAstA,"Russia-Ukraine War: Multiple Explosions Shatter Kyiv After Kharkiv, Toll Rises To 19  | WION",WION,205659,2636,978,7.95,107,4783.0,44.700934579439256,2025-04-06 16:31:53
9HFbDboxTLA,&#39;Russians Are Specialists&#39;: NATO Commander GRILLED Over Ukraine War; Stunning Scenes In U.S. Senate,Times Of India,299882,3501,2876,7.0,186,13124.0,70.55913978494624,2025-04-04 00:00:08
ASu5iwmcOuo,"Russia Ukraine War LIVE: Russia Targets Western Advisers; Fires Iskander Missiles On Sumy, 60 Killed",Firstpost,7824,68,15,78.0,0,0.0,,2025-04-15 21:11:28
AaMswaN-yX4,Turkey Goes Against NATO ‚Äì Prepared to Send Troops to Ukraine,The Military Show,908932,13976,2363,18.183333333333334,152,9811.0,64.54605263157895,2025-03-20 14:00:16
AdZEAaZ4vVU,"&quot;We have huge losses, war in Ukraine is stalemate for Moscow&quot; - Russian propagandists sound alarm",Kanal13,25010,651,56,8.9,10,100.0,10.0,2025-04-04 02:00:06
Ay3ocAvZeQ8,Russia‚Äôs Biggest Attack Ends in Total Failure. Hundreds of Russian Tanks Erased in One Brutal Strike,UNITED24,2674594,46553,2874,10.833333333333334,127,11424.0,89.95275590551181,2025-04-06 16:58:25
B0wBo-jp4kM,Ukrainian army prepares shocking surprises for Russians in Belgorod; Putin&#39;s Ukraine assault stalls,Kanal13,34179,786,29,8.333333333333334,3,22.0,7.333333333333333,2025-03-26 05:00:06
B1MEKn9pAtU,Ukrainian troops advance on Russian positions and blow up a convoy of Putin&#39;s military vehicles,The Sun,218309,4112,213,8.266666666666667,38,779.0,20.5,2025-04-07 08:15:00
B9v9i5okwJU,Ukrainian special forces destroy Russian enemies with deadly precision,The Sun,149776,3622,181,8.9,24,524.0,21.833333333333332,2025-04-05 15:30:07
Bbbcviva4_g,Russia-Ukraine War: Russia Fired 67 Missiles &amp; 194 Drones Across Ukraine | Breaking News | WION,WION,91679,810,295,7.733333333333333,50,889.0,17.78,2025-03-07 11:53:40
BzxAO_tmqEw,Russia-Ukraine War: Russian Helicpoters Under Massive Attack | Putin Warns Zelensky | WION LIVE,WION,51734,176,15,715.0166666666667,0,0.0,,2025-03-25 08:36:01
CNFigGJoIrg,Russia-Ukraine War: Ukraine Launches Second Russia Incursion After Losing Kursk | WION,WION,76337,437,151,3.1666666666666665,13,206.0,15.846153846153847,2025-04-04 07:17:05
Cas_52-Q6dc,Ukraine stuns Russia with huge airfield ammo blast as Putin retaliates,The Sun,209758,6234,610,18.766666666666666,78,2455.0,31.474358974358974,2025-03-21 18:15:00
CvfJo6ZYO5c,Eight Ukrainian soldiers destroy an entire platoon of North Korean soldiers in Kursk,Kanal13,114414,1961,65,8.566666666666666,11,205.0,18.636363636363637,2025-04-25 07:19:11
DDmRbESxFtU,Epic Ukrainian Strike | Military Mind,TVP WORLD,80075,3355,107,10.183333333333334,24,476.0,19.833333333333332,2025-04-28 20:15:06
DRlbYlbsfrY,Even Putin SHOCKED by Ukraine‚Äôs NEW Naval Weapon!,The Military Show,991745,19604,731,16.6,117,5635.0,48.162393162393165,2025-03-01 14:00:13
DobL6wgF5gE,"Russia-Ukraine War: Russia Hits Ukrainian Military Targets, Ukraine Downs Russian Drones | Shorts",WION,47348,285,4,0.43333333333333335,0,0.0,,2025-04-28 08:22:05
Du4O7xmH7mg,"üí•Macron SHOCKED with NEW Ukraine WAR STATEMENT at Meeting with Kellogg, Rubio &amp; Witkoff!",War & Politics 24,110285,1259,184,1.5166666666666666,22,574.0,26.09090909090909,2025-04-17 18:50:35
EBt-2cXfdto,"Russia-Ukraine War LIVE: Trump&#39;s Fails, Russia To Takeover Ukraine? I Putin Burns Kyiv After Kharkiv",WION,54866,235,86,333.78333333333336,9,87.0,9.666666666666666,2025-04-09 10:39:10
FnWgbsgX9jM,Update from Ukraine | Wow! Putin and Trump &quot;Encircled&quot; Ukrainian Forces in Kursk. Lies uncovered,Denys Davydov,412501,31754,3527,19.533333333333335,288,9239.0,32.079861111111114,2025-03-15 15:07:19
G6vhPu3Q4lo,"Ukrainian drones shred 1,100 Russians in the mud: Many Russian infantry are intercepted in Pokrovsk",Kanal13,80293,1689,55,8.066666666666666,14,187.0,13.357142857142858,2025-04-18 01:00:06
G8WRsNribCc,Russia is retaking Kursk from Ukraine - here‚Äôs how,The Telegraph,358075,4371,1832,2.933333333333333,200,17489.0,87.445,2025-03-14 17:06:29
GaLGmNsWPWs,Russia-Ukraine War: What&#39;s Happening In Russia‚Äôs Kursk Region ‚Äì And Why It Matters?,NDTV,101208,595,98,4.566666666666666,17,300.0,17.647058823529413,2025-03-16 11:30:06
HNHtTOTKI-o,"Where Trump stands on Russia-Ukraine war after his Putin, Zelenskyy comments",CBS News,15447,88,60,3.85,6,54.0,9.0,2025-04-28 13:00:14
HtXZ_5yqyGE,Video shows 4 captive Ukrainian troops killed by men identified as Russian forces,Associated Press,171931,701,507,1.8166666666666667,82,1857.0,22.646341463414632,2025-04-10 07:05:00
HueJZDlxaQc,"SO, IT‚ÄôS WAR! Thousands of Western Soldiers Enter Ukraine to Fight Russia! | RFU News",RFU News ‚Äî Reporting from Ukraine,652923,38946,2409,5.533333333333333,211,19674.0,93.24170616113744,2025-03-19 19:00:16
IFnR4FFnGM0,Russia-Ukraine War: Zelensky Says &#39;No Response&#39; From US After Putin Rejected Truce | WION Shorts,WION,27764,322,138,0.9666666666666667,13,158.0,12.153846153846153,2025-04-07 05:55:05
IT20xR69vD4,Russia-Ukraine War: Ukraine Suffers Second F-16 Pilot Loss Amid Russian Missile Barrage | WIOn Pulse,WION,102788,839,349,1.85,52,1346.0,25.884615384615383,2025-04-12 17:50:52
ImHVPKzSJew,Well-aimed Hit! Ukrainian FPV Drone Targeted Buggy Carrying Russian Soldiers #warinukraine,UNITED24,5748287,87128,2775,0.2,178,22287.0,125.20786516853933,2025-04-23 22:30:09
InP5xmECiio,Ukraine‚Äôs Long-Range Drones UNLEASHED on Crimea ‚Äì THEN THIS Happens‚Ä¶,The Military Show,723496,14319,534,17.7,98,3165.0,32.295918367346935,2025-04-03 17:00:30
InUmPUm5yZc,Putin&#39;s DOWNFALL... Why Moscow Will COLLAPSE From Within,The Military Show,327092,7182,765,19.966666666666665,88,3098.0,35.20454545454545,2025-03-26 20:30:03
Je1GvUJmS0M,"BREAKING | Ukrainian Army Chief Says, &#39;Our Drone Destroyed A Russian Bomber&#39; | Ukraine War |GRAVITAS",WION,63184,322,76,1.9,7,98.0,14.0,2025-04-09 17:25:43
JggT5kWQiuQ,Russia-Ukraine War: Ukraine Targets Russian Airfield; Moscow Hits Ukrainian Train | World DNA,WION,58717,199,114,1.6166666666666667,8,93.0,11.625,2025-03-21 02:40:11
K2xvlVdxMME,"Ukraine War Update NEWS (20250330a):Pt 1 - Overnight &amp; Other News: Putin Limo BOMBED, Kharkiv ATTACK",ATP Geopolitics,23025,2111,134,26.45,25,321.0,12.84,2025-03-30 10:52:10
KF1mEMdYf8k,Russia Ukraine War | Ukraine Targets Key Russian Airbase With &#39;massive&#39; Drone Attack | N18G,CNN-News18,84366,1259,192,3.6333333333333333,29,461.0,15.89655172413793,2025-03-20 14:25:32
KT8TGsLK9TQ,–°–µ–ª–µ–∫—Ü—ñ—è –¥–æ —Ä–æ–∑–≤—ñ–¥–≤–∑–≤–æ–¥—É 2 #—à—Ç—É—Ä–º–æ–≤–∏–∫–∏ #military #—Ä–æ–∑–≤—ñ–¥–∫–∞ #–≤—ñ–π–Ω–∞ #war #ukraine #–ø—ñ–¥–≥–æ—Ç–æ–≤–∫–∞,93 –±—Ä–∏–≥–∞–¥–∞ –•–æ–ª–æ–¥–Ω–∏–π –Ø—Ä,5457,553,8,0.8166666666666667,0,0.0,,2025-03-03 09:10:38
KfqNTfxsE3E,Russia Invasion of Ukraine Everyday Timelapse Feb 2022 to Feb 2025,AlternativeGeopoliticsMapped,722586,6712,365,0.5833333333333334,32,1264.0,39.5,2025-03-08 14:29:41
KmVqvbsqefg,‚ÄòUkraine has lost the war‚Äô: Vladimir Putin got &#39;everything&#39; he wanted,Sky News Australia,133399,1767,1359,3.466666666666667,104,3616.0,34.76923076923077,2025-04-21 01:24:55
L21hj6jX3FE,The Fight for Crimea: Why the US Recognition Could Trigger Global Chaos!,War&History,50,6,4,5.766666666666667,0,0.0,,2025-04-28 18:00:30
LPXI6nnZrQA,–°–µ–ª–µ–∫—Ü—ñ—è –¥–æ —Ä–æ–∑–≤—ñ–¥–≤–∑–≤–æ–¥—É #—à—Ç—É—Ä–º–æ–≤–∏–∫–∏ #military #—Ä–æ–∑–≤—ñ–¥–∫–∞ #–≤—ñ–π–Ω–∞ #war #ukraine #–ø—ñ–¥–≥–æ—Ç–æ–≤–∫–∞,93 –±—Ä–∏–≥–∞–¥–∞ –•–æ–ª–æ–¥–Ω–∏–π –Ø—Ä,12104,851,11,0.5666666666666667,0,0.0,,2025-03-01 13:52:46
L_CevyI9vLE,Ukraine denies Trump&#39;s claim its troops are &#39;surrounded&#39; by Russian forces,Sky News,110238,607,745,2.933333333333333,85,3293.0,38.741176470588236,2025-03-14 22:43:44
LkGNlqnFCR8,Russia-Ukraine War: Ukraine Launches At Least 71 Drones Towards Russia | GRAVITAS | WION,WION,28402,268,31,3.6,4,130.0,32.5,2025-04-17 18:57:35
MhjAVO19ofo,"100,000 tons of Russian ammunition blown to air: Glide bombs, artillery shells, missile systems",Kanal13,485128,11171,667,8.45,106,6115.0,57.68867924528302,2025-04-22 15:30:03
MowWjVqhWaI,Kursk Frontline Combat: Ukraine Drone Almost Kills Me,Patrick Lancaster,2079467,102046,13233,17.083333333333332,341,80642.0,236.4868035190616,2025-03-24 16:48:31
Mvle6dGRdFk,Ukraine repels major Russian tank assault - as Germany hints at Taurus aid,The Sun,184864,4473,288,12.683333333333334,43,1052.0,24.46511627906977,2025-04-17 17:37:13
NIOeCkEMeNE,"BREAKING: Russia offers Ukraine an Easter ceasefire, prisoner swap",LiveNOW from FOX,123619,913,559,4.016666666666667,65,988.0,15.2,2025-04-19 16:29:50
NMN-VzidDDQ,Moment Ukrainian jet drops huge 500lb bomb on Russian position as troops battle for Kursk,The Sun,157959,3551,244,8.3,30,564.0,18.8,2025-03-31 07:30:15
NObi_e3yf3U,Patrick Lancaster From the Frontlines: What They‚Äôre Not Telling You About the Russia/Ukraine War,Tucker Carlson,980831,52429,10465,65.36666666666666,349,71850.0,205.87392550143267,2025-04-25 17:00:06
N_Iw7mkd_mg,Putin Betrays Trump.... AGAIN (Ukraine War),The Military Show,187462,4002,741,18.033333333333335,75,2736.0,36.48,2025-03-20 00:00:18
Nn-uwKsDeCg,Ukraine destroys terrifying North Korean weapon used by Putin in targeted drone strikes,The Sun,108001,2713,93,8.166666666666666,17,457.0,26.88235294117647,2025-04-14 07:00:23
O3HRnwC6pso,Solo On Ukraine&#39;s Eastern Front,bald and bankrupt,4468749,152547,15488,62.5,467,121704.0,260.60813704496786,2025-04-17 14:22:48
OCYncEiSrvU,Putin&#39;s troops hit as Ukraine enters Russia‚Äôs Belgorod region for first time,The Sun,57289,719,161,1.2,16,239.0,14.9375,2025-04-08 11:30:33
OUvtNCnyj2I,Why Russia CAN&#39;T WIN in Ukraine,The Military Show,887882,11672,1035,17.1,114,3980.0,34.91228070175438,2025-04-16 17:00:35
Q0UbpqZSrhg,Winners and losers of five pivotal battles of the Russia-Ukraine war | Battle Board Marathon,Daily Mail World,379984,7333,579,102.03333333333333,95,2812.0,29.6,2025-04-22 17:00:35
QotaLCCX99o,Russia Is Losing Its Artillery Superiority in Ukraine,War&History,22,6,4,7.75,0,0.0,,2025-04-22 18:00:31
RBQoi9W4_14,Russia-Ukraine War: Ukraine Releases Footage Of Belgorod Attack | World News | WION,WION,61965,324,100,2.816666666666667,12,131.0,10.916666666666666,2025-04-08 12:32:16
RP1D_zBBdaU,"Russia-Ukraine War: Moscow Strikes Ukrainian Airfield, Bombs Military Train | WION Fineprint",WION,27961,185,21,3.066666666666667,1,13.0,13.0,2025-03-21 16:31:00
Rdx4F9rUkJA,GoPro Footage Ukrainian Soldier Destroys Russian Unit in Brutal Combat,STATE24,264934,2199,95,8.516666666666667,18,293.0,16.27777777777778,2025-04-05 18:14:25
SNPtR2swS3g,Russia-Ukraine War: Ukrainian Fighter Jet Pilot Pavlo Ivanov Killed In Combat | World DNA | WION,WION,42640,267,91,1.8,10,116.0,11.6,2025-04-13 03:23:52
SZUK5t5ra7U,Russia-Ukraine War: Ukraine Conflict Poses Challenges To Russia&#39;s Naval Ambitions | GRAVITAS,WION,15264,195,26,3.2,3,19.0,6.333333333333333,2025-04-14 17:53:20
SbBdARZ-FMI,"Thousands of tons of Chinese shells destroyed in Russia&#39;s 51st GRAU; total loss is 260,000 tons",Kanal13,323934,6740,269,10.3,51,1904.0,37.333333333333336,2025-04-25 23:00:06
SqfjuY2FxqQ,Russia-Ukraine War: Why Have Ukraine&#39;s F-16s Disappeared From The Battlefield? | World News | WION,WION,163662,1330,471,4.016666666666667,35,1155.0,33.0,2025-03-21 15:02:04
T4_dA3BObo4,Ukraine launches REVENGE drone blitz on Russian missile unit behind Sumy horror,The Sun,204377,4024,496,5.383333333333334,57,2024.0,35.50877192982456,2025-04-16 10:30:19
TQn3nhrzl-Q,"Karoline Leavitt speaks on Ukraine-Russia war, U.S.-China relations, and more with the press",LiveNOW from FOX,48061,803,225,4.4,25,320.0,12.8,2025-04-23 18:36:09
TVMGUCBWNpA,"Sherrill Asks Military Official: If The War In Ukraine Ended Today, Would Russia Still Be A Threat?",Forbes Breaking News,28324,312,165,5.133333333333334,25,310.0,12.4,2025-04-19 23:15:02
TWC3h6q2Ppc,Is Russia Right in the Russia Vs Ukraine War? | Khan Sir - Raj Shamani #shorts,Raj Shamani Shorts,8000235,296716,863,1.0,51,21871.0,428.84313725490193,2025-04-18 15:17:29
TsQ_eRskaIY,&#39;I can&#39;t see Russian army being able to go into 2026&#39; | Michael Clarke&#39;s weekly Ukraine Q&amp;A,Sky News,501024,8745,1903,48.45,159,5551.0,34.911949685534594,2025-04-23 18:11:56
UA2_KOCGAE8,"Zelensky&#39;s Post Defeat Plan Out! Trump, Putin Warned as Ukraine&#39;s ‚ÄòBomb Nuclear Plants‚Äô Surfaces?",Hindustan Times,187704,1553,1030,5.133333333333334,94,4792.0,50.97872340425532,2025-03-23 04:38:06
UHKuY9eYW_Q,Intense Close Quarters Battle in Ukraine | Top Weekly Videos,FUNKER530 - Veteran Community & Combat Footage,154036,3384,242,7.1,33,1266.0,38.36363636363637,2025-04-20 14:46:18
UeXWNutZIiI,Is Russia preparing for a big spring attack in Ukraine?,BFBS Forces News,28866,543,69,4.15,14,108.0,7.714285714285714,2025-04-02 16:00:42
UvELecveDb4,Sean Bell looks at how Ukraine is defending itself without US intelligence | Ukraine Analysis,Sky News,237108,2666,781,4.433333333333334,108,2085.0,19.305555555555557,2025-03-07 14:08:54
V5jD0BADBEw,Russia says sending European peacekeepers to Ukraine would be ‚Äúact of war‚Äù | BBC News,BBC News,2090548,18463,12279,2.816666666666667,237,54710.0,230.8438818565401,2025-03-06 23:34:14
V8iMSCoJi5Y,Russia-Ukraine War LIVE: Putin Escapes Assassination Bid? Putin‚Äôs Limousine Explodes in Moscow |WION,WION,78057,355,127,86.83333333333333,11,116.0,10.545454545454545,2025-03-30 11:05:31
VBWLzKKgVcc,Ukraine‚Äôs Bold Move SHAKES Russia - 50% of Moscow‚Äôs Fuel at RISK!,The Military Show,841048,15660,1233,18.216666666666665,143,9332.0,65.25874125874125,2025-03-17 21:30:03
VbGqY-1d1bw,"Russia-Ukraine War: Moscow Claims 1,000 Ukrainian Soldiers Killed in 24 Hours | Fineprint",WION,133541,1313,309,2.9,40,1766.0,44.15,2025-03-03 15:57:24
Vgtg5WzA__c,North Korea &#39;stopped Russia from losing in Ukraine&#39; as millions of shells used,The Sun,25582,319,105,3.066666666666667,13,101.0,7.769230769230769,2025-04-15 10:11:48
Vln5TSIxtOE,IT‚ÄôS ON NOW! Ukrainians SURGE FORWARD AND TAKE GROUND! | RFU News,RFU News ‚Äî Reporting from Ukraine,406588,31128,652,5.216666666666667,129,5653.0,43.82170542635659,2025-03-30 18:00:19
VxfH_AXunJM,Ukraine DECLARES VICTORY as Russia‚Äôs Pokrovsk Plan CRUMBLES,The Military Show,586582,13020,738,20.8,125,4790.0,38.32,2025-05-01 20:15:01
WArL40HSf0k,Why Putin Can‚Äôt Stop the War in Ukraine | 5 Key Reasons,Kyiv Post,450182,4251,797,6.166666666666667,56,1585.0,28.303571428571427,2025-04-18 14:00:54
WEVwY3XkTrI,North Korea confirms it sent troops to fight for Russia in Ukraine war | BBC News,BBC News,309255,3505,2210,4.9,112,5884.0,52.535714285714285,2025-04-28 09:32:41
WPZ06Kuy5B8,"‚ÄòDOWNWARD SPIRAL‚Äô: Trump‚Äôs plan for Russia-Ukraine war is ‚Äòworking,‚Äô GOP rep says",Fox Business,20050,476,200,3.2,12,140.0,11.666666666666666,2025-03-26 17:30:06
WaszKLSO9-c,The Ukrainian children and teenagers being trained for war | DW News,DW News,29617,503,183,1.7,44,1005.0,22.84090909090909,2025-04-16 21:30:13
Wdj847IbQ_U,"Russia says it will spare Ukrainian forces in Kursk, if Kyiv surrenders | ABC NEWS",ABC News (Australia),58381,417,0,2.716666666666667,0,0.0,,2025-03-15 06:52:52
WfVbu0gBPnA,Ukrainian MIRAGE Pilot Just Did Something UNBELIEVABLE,The Military Show,1234723,23344,1504,17.633333333333333,184,12678.0,68.90217391304348,2025-03-23 14:00:38
X-3FdOFbyHI,Rusia EN LLAMAS: Ucrania Contraataca con DRONES en TERRITORIO ENEMIGO | Guerra en Ucrania Hoy 2025,ALMA CUANTICA,1731,299,25,9.7,4,26.0,6.5,2025-04-30 23:52:48
XFNYcRH3sAs,Putin HUMILIATED as Ukraine TAKES BACK Land,The Military Show,965947,20785,1175,17.25,149,7930.0,53.22147651006711,2025-04-18 17:00:48
XGpH6DbmDZk,F-16s Are Doing the UNTHINKABLE in Ukraine ‚Äì Even U.S. Pilots Are STUNNED,The Military Show,873135,15066,869,16.333333333333332,100,3869.0,38.69,2025-03-27 18:02:44
YMUp1-qdTlE,Ukraine War Deaths REVEALED! (Shocking Math),Professor Gerdes Explains üá∫üá¶ ,65844,3529,727,11.966666666666667,62,1246.0,20.096774193548388,2025-04-28 16:50:39
YtU6fh8VF3A,Moment Ukraine obliterates key Russian bridge destroying Putin&#39;s supply route in huge blow,The Sun,641991,14635,1142,8.7,127,7920.0,62.36220472440945,2025-03-16 09:32:00
Z2BVG_AAzpo,Attaques russes en cours contre l&#39;Ukraine : communication strat√©gique  #putin #guerreukrainerussie,russianspinfr,67,7,1,1.7833333333333334,0,0.0,,2025-04-20 18:00:29
Z7EOOPUxsxY,"Russia-Ukraine War: Ukraine‚Äôs Top General Demands 30,000 New Troops a Month | WION Shorts",WION,64090,819,156,0.9666666666666667,17,253.0,14.882352941176471,2025-04-10 18:58:40
ZNWoJx1P7jo,Update from Ukraine | Ruzzia Lost Strategic Bomber and Best Helicopters,Denys Davydov,373818,35192,1141,20.816666666666666,131,3466.0,26.458015267175572,2025-04-02 18:17:11
Zo5nrV4UA5M,Chinese Mercenaries Fighting For Russia EXPOSE Putin&#39;s BRUTALITY!  (Ukraine War),The Military Show,258220,5223,414,16.366666666666667,61,1462.0,23.9672131147541,2025-03-03 14:00:42
ZvbamURzgPs,Ukraine war is forcing British troops to re-learn trench warfare | Analysis,The Telegraph,162558,3324,876,4.35,114,5708.0,50.07017543859649,2025-03-05 15:45:49
_2xX5nEPiS4,Ukraine Just Did Something UNBELIEVABLE ‚Äì Russian Snake DECAPITATED!,The Military Show,1128271,20808,920,16.45,92,4633.0,50.358695652173914,2025-04-13 17:00:39
_Y_wh1AGhuA,Russia-Ukraine War: Air Raid Siren Echoes In Kyiv After Easter Ceasefire Announced By Putin | WION,WION,20749,220,17,0.7833333333333333,3,23.0,7.666666666666667,2025-04-20 07:42:04
a4dXRo9nac0,Europe prepares for ‚Äòimminent war‚Äô with Putin as Trump deemed unreliable | Robert Fox,Times Radio,609681,10172,4457,11.833333333333334,215,13807.0,64.21860465116279,2025-03-21 13:00:00
aKSm68Zb92o,"Russia Ukraine War | Russia Retakes Kursk, How Did Ukraine&#39;s Gamble Fail? | Putin | Zelensky | N18G",CNN-News18,26879,188,58,3.9833333333333334,11,147.0,13.363636363636363,2025-03-22 20:30:06
adgpvNSNWFQ,Trump&#39;s idea that Ukraine started war is &#39;total nonsense&#39;: John Bolton | NewsNation Now,NewsNation,44175,923,433,4.966666666666667,66,1469.0,22.257575757575758,2025-04-14 20:53:48
afflKkkTEDo,Update from Ukraine | Awesome News from Pokrovsk | AFU Strikes Hard gets more ground,Denys Davydov,313542,31260,1455,27.05,116,3814.0,32.87931034482759,2025-04-10 15:59:11
anYgHQv0H60,&#39;America‚Äôs power is draining&#39;: Michael Clarke Q&amp;A on Ukraine war,Sky News,158201,2466,409,48.233333333333334,40,622.0,15.55,2025-04-02 12:52:41
bmXzFRdkqb4,Russian media reveals shocking secrets about Putin&#39;s army: Ukraine will soon capture Belgorod,Kanal13,104691,2056,104,8.933333333333334,16,327.0,20.4375,2025-03-27 07:00:06
bxHZFwKyT04,Russian soldiers blown up while carrying captured Ukrainian munition | Military Mind,TVP WORLD,204990,5920,153,9.866666666666667,35,916.0,26.17142857142857,2025-03-24 21:15:06
c5HuzBVIf3w,Trump renews attack on Zelensky and demands deal to end Ukraine war | BBC News,BBC News,1118962,9509,8324,12.4,180,15194.0,84.41111111111111,2025-03-03 23:32:04
c9Wz-6d_6d0,Trump to Putin: &#39;STOP&#39; ‚Äì Chinese Troops Now Reported Entering Ukraine Conflict,CBN News,84194,666,99,2.8833333333333333,10,90.0,9.0,2025-04-25 16:13:14
clIOh5T80cQ,LIVE: Trump Slams Putin Over Russia Ukraine War | Trump Speech | N18G,Firstpost,57480,251,19,654.3166666666667,2,10.0,5.0,2025-04-01 18:58:01
coXIZzbLsz0,Russia-Ukraine war: Putin declares temporary ceasefire from May 8-10,LiveNOW from FOX,53229,270,152,2.2333333333333334,19,258.0,13.578947368421053,2025-04-28 12:35:17
d7tHTAHegXs,¬°TERRIBLE MASACR3 de Veh√≠culos Rusos! Drones Ucranianos Imparables - Guerra en Ucrania ULTIMA HORA,ALMA CUANTICA,1069,218,20,10.966666666666667,2,14.0,7.0,2025-04-29 00:58:44
d9bLr4J6DtU,The Numbers Don‚Äôt Lie - Russia Has Already LOST This WAR!,The Military Show,1434720,22507,3209,20.2,298,11588.0,38.88590604026846,2025-04-21 13:01:17
dCL1D3AOJ9A,F-16s UNLEASHED Over Ukraine... Russia is FURIOUS,The Military Show,1033178,17661,1260,16.616666666666667,163,5082.0,31.177914110429448,2025-04-11 17:00:53
dJYY3MEugg0,Will Ukraine war end in 2025? Michael Clarke Q&amp;A,Sky News,132212,1915,347,34.4,45,668.0,14.844444444444445,2025-03-04 13:38:59
dm5Dw1GMQUM,"Russia-Ukraine War: Heavy Battles Rage In Kursk, Kyiv Strikes Russian Missile Brigade | GRAVITAS",WION,56590,445,61,3.716666666666667,7,95.0,13.571428571428571,2025-04-16 18:20:35
dyRADBoFOvg,RUSSIANS IN SHOCK. Foreign Fighters Launch Counterattacks in Kursk! | RFU News,RFU News ‚Äî Reporting from Ukraine,683084,34418,1204,5.666666666666667,185,15340.0,82.91891891891892,2025-04-22 18:00:43
eywU8piqR9s,Michael Clarke answers your Ukraine war questions,Sky News,118494,2496,371,39.18333333333333,60,966.0,16.1,2025-04-16 12:48:12
fO7ag48L41Q,Michael Clarke reacts as Ukraine and Russia agree to Black Sea ceasefire deal | Sky News coverage,Sky News,122138,1344,329,20.933333333333334,45,603.0,13.4,2025-03-25 15:51:43
f_RUAHfR-dY,"&#39;Either You Surrender, or We Kill You!&#39;. Assault Bodycam Footage: Toretsk, Kursk, Pokrovsk, Luhansk",UNITED24,2611236,35066,1737,25.05,128,11563.0,90.3359375,2025-04-23 14:01:07
fbYXnOYC6FE,Putin‚Äôs Plan CRUMBLES After Ukraine‚Äôs SHOCK Strike,The Military Show,471203,9823,271,21.216666666666665,61,1963.0,32.18032786885246,2025-04-24 19:15:01
fjTLO2KMS6c,Ukraine&#39;s Mini Drones Attack and Destroy Russian Warships,My Global issues,515343,8232,227,15.5,21,501.0,23.857142857142858,2025-03-30 19:00:25
folTo37uXA8,Ukrainian Army Just Did Something UNBELIEVABLE... Massive ASSAULT by Russia DESTROYED,The Military Show,343822,8118,281,18.0,54,1663.0,30.796296296296298,2025-04-22 20:15:02
g6CLlNfjoew,Trump&#39;s &#39;failure&#39; in Ukraine risks war with Russia &#39;in three years&#39;,Times Radio,625231,17156,2598,33.5,180,9483.0,52.68333333333333,2025-04-16 18:30:53
gJRIGkiBRTo,The turning tide of U.S. support for Ukraine,60 Minutes,186265,3606,1213,6.7,102,4516.0,44.27450980392157,2025-03-03 19:00:07
gTFuXGlrGo0,"POV:  ºGuys, I‚Äôm 300 º. Ukraine‚Äôs Mopping-Up Mission Near Toretsk. Inside Close-Combat Operation",UNITED24,270706,5116,153,15.833333333333334,29,683.0,23.551724137931036,2025-05-01 19:25:11
gUPnzRiUQu4,Military expert reveals what he thinks is Russia&#39;s biggest weakness amid Ukraine war,CNN,645701,6651,2742,8.95,117,7984.0,68.23931623931624,2025-04-01 11:54:55
gj6t-yXYNoI,Exclusive: Europe plans to deploy troops to Ukraine for 5 years | Ukraine: The Latest,The Telegraph,60654,1852,451,53.28333333333333,47,636.0,13.53191489361702,2025-04-11 17:12:48
hLuyB9k8Lis,Update from Ukraine | AFU Success in Luhansk | Ruzzia wants to Confiscate Deposits for Military,Denys Davydov,362499,32511,1607,20.65,121,4633.0,38.289256198347104,2025-03-31 13:14:04
hytDZXai4P4,The ‚Äòhybrid war‚Äô Russia is waging against Europe on the Poland-Belarus border | 7NEWS,7NEWS Australia,291451,3355,0,6.4,0,0.0,,2025-04-07 01:42:51
iDABG241nnw,Ukraine forces blast Russian tanks as they attempt to break through defences,The Sun,127815,2896,170,8.116666666666667,33,628.0,19.03030303030303,2025-03-19 08:00:45
iSpnLSHyy1E,How Fighting Russia In Ukraine Actually Works | Authorized Account | Insider,Insider,1667428,36239,4559,42.93333333333333,168,17111.0,101.85119047619048,2025-03-27 17:00:59
j2GngQ3Rnyg,Ukraine: Ceasefire involving troops from UK and France? |¬†DW News,DW News,196041,2183,1141,8.116666666666667,136,3161.0,23.24264705882353,2025-04-13 09:01:02
jMhEicQxNWA,GoPro –∑ –∑–∞—á–∏—Å—Ç–∫–∏ –≤–æ—Ä–æ–∂–∏—Ö –ø–æ–∑–∏—Ü—ñ–∏ÃÜ –±—ñ–∏ÃÜ—Ü—è–º–∏ –¢—Ä–µ—Ç—å–æ—ñÃà —à—Ç—É—Ä–º–æ–≤–æ—ñÃà —Ç—É–º–∞–Ω: ‚Äî —á–∞—Å –¥—ñ—è—Ç–∏!,3-—Ç—è –æ–∫—Ä–µ–º–∞ —à—Ç—É—Ä–º–æ–≤–∞ –±—Ä–∏–≥–∞–¥–∞,2027607,57590,2232,12.35,142,5631.0,39.65492957746479,2025-04-22 16:04:11
jNvyVn1pZhI,Russia-Ukraine War:  Moscow Mobilises Massive Troops Near Kyiv&#39;s Borders| World News | WION,WION,78128,390,137,2.4,21,179.0,8.523809523809524,2025-04-11 07:12:26
jO5zBs9NwUs,The Russia-Ukraine War and its Cost.,History Behind Time,2,0,0,1.3833333333333333,0,0.0,,2025-03-02 04:33:53
jUT1hT4tgRo,Ukraine Unit ACHIEVES the IMPOSSIBLE,The Military Show,594722,12819,487,17.9,106,4300.0,40.56603773584906,2025-03-24 21:45:02
jZxnGg2Hs84,THANK YOU GERMANY! - They Just Did Something UNBELIEVABLE For Ukraine!,The Military Show,688220,16621,2504,19.366666666666667,251,17275.0,68.82470119521912,2025-04-04 17:00:49
jywiVs_zO5w,Trump blames war on Zelenskyy. Gets away with it.,LBC,136897,2098,470,0.9333333333333333,60,1945.0,32.416666666666664,2025-04-15 16:43:41
k4au5s1ejR0,"Trump blames Zelensky for ‚Äòstarting‚Äô war, Ukraine ‚Äòstrikes back‚Äô with huge attack on Russia|Podcast",The Telegraph,40985,1645,714,34.266666666666666,77,1531.0,19.883116883116884,2025-04-15 14:44:00
kH12e-nm_0M,Fields and roads are littered with hundreds of Russian corpses - Ukraine recaptures Razliv district,Kanal13,279153,4418,204,9.266666666666667,47,935.0,19.893617021276597,2025-04-15 17:54:41
kfnyUYZeLfE,Ukraine troops OBLITERATE Russian hideout using guided bombs in fireball explosion,The Sun,113890,2625,113,8.666666666666666,28,500.0,17.857142857142858,2025-04-29 06:51:27
kiAU-1yjSKk,"Ukraine erased 300,000+ tons of Russian ammo; Depot by depot, Kyiv is torching Russia‚Äôs war reserves",Kanal13,58111,1752,88,8.2,13,222.0,17.076923076923077,2025-04-27 23:00:06
l5l-Zcx5gZA,Putin‚Äôs days ‚Äòare numbered‚Äô as ‚Äòrumblings‚Äô of assassination attempts intensify,Times Radio,774008,15929,3471,29.316666666666666,194,17235.0,88.84020618556701,2025-03-31 14:00:48
lEhSzUPPryw,"Russia-Ukraine War: Kyiv Drones Strike Six Different Moscow Regions, Takes Revenge | World DNA",WION,31569,139,26,2.3,4,78.0,19.5,2025-04-18 03:05:01
leHAlB25ypM,"Agile and fearless: In Pokrovsk, it is not only Ukrainian Army that wages war against Russians",Kanal13,68274,1601,44,8.1,6,104.0,17.333333333333332,2025-04-01 09:59:17
lw_FEyGgYZI,Starmer and Macron working to try to end Russia-Ukraine war at summit | DW News,DW News,231096,3009,2104,10.75,195,5596.0,28.6974358974359,2025-03-02 16:03:24
mK7vxYdaIxU,üî¥ Ukraine War Update - Ukrainians In Heavy Close Combat With Russian Soldiers - GoPro Ambush,WarLeaks - Military Blog,1110423,32587,786,40.1,67,2105.0,31.417910447761194,2025-04-27 13:01:27
mRu2082VWxE,MAJOR VICTORY... Ukraine Just Made Russia TOOTHLESS Overnight!,The Military Show,649009,14460,847,18.25,132,5407.0,40.96212121212121,2025-03-28 23:45:27
mc6Ywin32gM,"Russia Ukraine War LIVE: After Zelensky Spat, Trump Stops Sharing Intel | Vantage with Palki Sharma",Firstpost,244748,3330,379,56.016666666666666,32,335.0,10.46875,2025-03-06 16:38:44
n5sDa2q-I3U,The Grim Truth About Ukraine Nobody Wants to Tell You,RealLifeLore,1258825,31332,6790,37.03333333333333,165,33106.0,200.64242424242425,2025-03-21 14:43:06
nXzWWf0Dsf4,Russia-Ukraine War: Ukraine Rushes Troops To Frontlines Amid Training Concerns | Gravitas | WION,WION,32378,350,75,4.116666666666666,11,141.0,12.818181818181818,2025-04-07 17:33:07
njWUzIFrRl4,UKRAINE REVENGE STRIKE Leaves Russians in RUINS,The Military Show,404123,9675,620,20.25,99,4021.0,40.61616161616162,2025-04-16 20:15:01
oRb_S8__d1c,"Three Nations Join Russia&#39;s War On Ukraine, Big Announcement By Lavrov In Moscow | Watch",Times Of India,125266,1411,477,3.9,51,1081.0,21.19607843137255,2025-04-03 17:12:52
obHigEWqkCM,If Germany Sends THIS to Ukraine‚Ä¶ GAME OVER For Russia!,The Military Show,183993,4649,427,19.25,53,1203.0,22.69811320754717,2025-04-16 23:27:51
odd1RFFoTfA,Ukraine&#39;s BRUTAL 30-Hour Assault DESTROYS Russian Defenses In KEY Region,The Military Show,559919,12402,499,15.55,79,2725.0,34.49367088607595,2025-03-25 18:01:38
omLhvi0lqxU,Ukraine drones hunt down Russian soldiers as incursion into Belgorod continues,The Sun,167149,3229,162,8.383333333333333,31,411.0,13.258064516129032,2025-04-10 08:25:00
pPU3UjKevSw,Ukrainian Forces target Russian positions with precision strikes as diplomacy talks continue,The Sun,108276,2835,196,10.983333333333333,21,497.0,23.666666666666668,2025-03-24 08:47:29
pQzYoLwrT7g,Ukraine Just OBLITERATED Russia&#39;s CARRIER KILLER,The Military Show,592659,10992,433,18.833333333333332,57,1718.0,30.140350877192983,2025-04-10 22:45:35
paBxQArHyIw,Ukraine-Russia war reaches an ‚Äòextraordinary epic scale‚Äô and needs to end ‚Äòas quickly as possible‚Äô,Sky News Australia,149670,3894,1221,7.583333333333333,106,6527.0,61.575471698113205,2025-03-04 23:32:58
pclT0pngf_k,Intense Combat Footage Shows Mercenaries Fighting in Ukraine-Russia War | Full Series,On Demand News,29792,250,46,35.38333333333333,3,17.0,5.666666666666667,2025-04-12 14:01:09
pdw5jdFw10o,Russian POWs REVEAL What Putin Tried to HIDE,The Military Show,817034,16086,1226,16.566666666666666,140,7470.0,53.357142857142854,2025-03-05 14:01:04
pu5jdZ3GFvc,The Killer Ground Drones Hunting Russians in Ukraine | Frontline | Daily Mail,Daily Mail World,3487086,49217,3955,21.416666666666668,219,27595.0,126.00456621004567,2025-03-07 17:01:07
q6ucXUreG6M,50 Russian-Ukrainian War Facts You Won‚Äôt Believe (But Are 100% Real),The Military Show,945343,11789,485,34.9,46,1328.0,28.869565217391305,2025-04-12 17:01:02
qZhFDjQ5eL4,Russian soldier howls in pain after Ukrainian fighter wakes him up with a surprise grenade drop,Daily Mail News,934537,14971,993,0.35,91,4801.0,52.75824175824176,2025-03-27 12:22:53
q_NvJhWLGvY,Inside the frontlines of Russia as the war with Ukraine continues,NBC News,58023,199,171,4.383333333333334,14,134.0,9.571428571428571,2025-03-08 05:00:43
qsuoT2MdROc,UK MARTLET Missiles Just Made Ukraine‚Äôs Skies a NO-FLY ZONE,The Military Show,783312,15010,975,19.233333333333334,129,4319.0,33.48062015503876,2025-04-20 17:00:56
r2BdiGugmYc,UK Just Developed Something INSANE To Help Ukraine!,The Military Show,640764,11646,740,18.666666666666668,105,3972.0,37.82857142857143,2025-04-06 17:01:01
rCmqPC_sbV0,Ukraine Can‚Äôt Believe What Finland Just Did ‚Äì INSANE Support!,The Military Show,1563863,31536,3624,16.416666666666668,280,32599.0,116.425,2025-03-06 20:00:35
rMqneYdl8oo,"‚ÄòMassive‚Äô Russian missile and drone attack on Kyiv, Ukraine",Guardian News,2309278,39163,3683,0.5333333333333333,221,34518.0,156.19004524886878,2025-04-24 11:18:35
s1jIK-0h4so,"Ukrainian army crushes Russian defenses in Belgorod, captures new territories",Kanal13,126036,3242,132,8.65,28,551.0,19.678571428571427,2025-04-29 20:48:26
s6HMts3wsoU,Ukraine war: 12 killed after overnight strike in Kyiv | Michael Clarke analysis,Sky News,60292,920,383,4.866666666666666,62,1410.0,22.741935483870968,2025-04-24 16:51:59
sBbndlcwcVk,"Ukrainian A-22 drones strike Russian strongholds, trenches, fortifications located in border areas",Kanal13,67090,1206,27,6.533333333333333,10,120.0,12.0,2025-03-03 06:00:06
sgq5NuGt4hQ,Silent Operations: Ukrainian Snipers in Action Against Russian Troops,The War Headquarters,531758,3484,126,8.383333333333333,17,246.0,14.470588235294118,2025-04-28 00:30:43
tGdq8UPVT-k,"Russia-Ukraine War: Ukraine Loses F-16, Moscow Claims Major Victory Over Kyiv | WION Fineprint",WION,77528,612,185,3.566666666666667,24,337.0,14.041666666666666,2025-04-14 16:50:58
tOFyj0D5ago,War LIVE: Russia&#39;s MOST DEADLY Attack On Ukraine Till Date! Putin To Takeover Kyiv? | Ukraine War,WION,57064,262,148,303.93333333333334,7,64.0,9.142857142857142,2025-04-26 13:31:40
tOngks5jcNo,Ukraine Just Achieved the IMPOSSIBLE! Russian GLIDE BOMBS Useless!,The Military Show,1044726,17304,967,17.583333333333332,136,7830.0,57.5735294117647,2025-03-18 23:38:53
tVP5Bju6MdA,Can Ukraine still win the war against Russia? | BBC News,BBC News,121510,1060,1195,5.416666666666667,105,3414.0,32.51428571428571,2025-05-01 12:31:07
u2Xl7kTcLqM,"Two Chinese citizens captured during fighting in Ukraine, Zelenskyy says",Sky News,189251,3214,990,7.95,137,2779.0,20.284671532846716,2025-04-08 13:07:57
uKQ20HxAHTU,Ukrainians dump BEEHIVE into bunker to flush out Putin‚Äôs soldiers,The Sun,111537,1250,174,1.5333333333333334,20,569.0,28.45,2025-03-05 18:59:44
udCFLoDEYEs,EU Just DROPPED a BOMBSHELL That NO ONE Saw Coming,The Military Show,551278,15609,4727,17.466666666666665,180,14007.0,77.81666666666666,2025-03-06 01:00:44
um-bfc7QAC0,"Ukraine MiG-29 Sends Bomb Through a DOOR, Russian Leaders ELIMINATED in Precise Strike!",The Military Show,1186960,20444,750,18.75,133,5584.0,41.984962406015036,2025-04-01 20:15:01
utL2nxNuGBw,Update from Ukraine | Crazy Ruzzian Scooter Attacks | Ukraine Strikes in Pokrovsk | Trump is Dumb,Denys Davydov,240273,34201,835,16.716666666666665,124,2876.0,23.193548387096776,2025-04-28 09:59:55
v7Hj7ejjRsg,Update from Ukraine | War in Europe | The Worst Case Scenario if Ruzzia takes Ukraine,Denys Davydov,237346,22730,2107,25.733333333333334,124,4294.0,34.62903225806452,2025-03-18 08:02:39
vYkJ0iRAV6g,Ukraine war: Analysis of Moscow car bomb and peace talks,Sky News,272770,3117,556,3.283333333333333,71,2098.0,29.549295774647888,2025-04-25 13:25:54
vhX6iqhT7Do,Russia-Ukraine War: Russia Continues Aggression Into Ukraine | World News | WION,WION,70545,310,85,2.3333333333333335,14,157.0,11.214285714285714,2025-03-01 06:28:53
w4lMmcNqyXE,Something DARK Is Happening at the Russian-Finnish BORDER,The Military Show,709464,13231,3139,19.75,209,16796.0,80.36363636363636,2025-04-17 23:15:04
wZhFvAW6HeQ,Ukrainian guided bombs level Russian command post,The Sun,86691,2007,89,8.516666666666667,14,187.0,13.357142857142858,2025-04-11 06:52:05
wjUj8lKvHJ4,"&quot;You f**k, guys are being killed, survivors are fleeing the battle&quot; - Angry Russian commander rebels",Kanal13,85535,1759,80,9.05,16,349.0,21.8125,2025-04-20 11:11:56
x74_ymRvyMg,Update from Ukraine | Ruzzia may use Belarus to Attack Ukraine and NATO | Trump will stay out of it,Denys Davydov,201714,23956,1322,17.516666666666666,133,4071.0,30.60902255639098,2025-04-29 21:31:44
xQwFOWTz7yE,Ukraine&#39;s missile strike on bridge &#39;cuts head off Russian snake&#39;,The Sun,354768,9204,519,8.633333333333333,94,3042.0,32.361702127659576,2025-03-17 12:06:05
xZTuP_4Wb7g,The survival wisdom of Russian and Ukrainian soldiers on the battlefield.#military #soldier #war,peace johnny,1748382,32224,844,1.0,85,5882.0,69.2,2025-04-22 10:20:46
xejVWcet50g,How Putin&#39;s obsolete tanks failed to defeat Ukraine,Times Radio,504845,7414,990,13.75,87,2670.0,30.689655172413794,2025-04-05 21:30:06
xvyBm-1T3Po,MASSIVE Explosion Only 60 km from Moscow | Putin is SHOCKED | Ukraine War Update,Artur Rehi,166539,14979,1076,24.116666666666667,111,4455.0,40.13513513513514,2025-04-23 14:53:16
y8FUrC9Q_NE,Ukraine war: At least 34 killed as two Russian missiles hit Sumy,Channel 4 News,105857,1168,1147,7.333333333333333,121,3007.0,24.85123966942149,2025-04-13 18:25:26
yA8-DT3viTE,Update from Ukraine | Wow! Ukraine Kicked Ruzzians out in Many Areas | Full Scale Assault!,Denys Davydov,470907,46106,2901,20.55,192,13407.0,69.828125,2025-03-06 00:11:25
yPh-P_90gxQ,Update from Ukraine | Ukraine Strikes in Pokrovsk Again | Trump Ruins World Economy,Denys Davydov,303506,31239,1242,24.116666666666667,124,4191.0,33.79838709677419,2025-04-08 00:18:32
yy5VG4wKLoM,"Ukraine destroys $537m worth of Russian equipment in Crimea, there will be attack on peninsula",Kanal13,221873,4668,215,9.0,38,1296.0,34.10526315789474,2025-03-20 01:00:06
zPzOO_Le4dY,Prof Michael Clarke looks at European plans to end war in Ukraine,Sky News,670659,7858,2907,4.4,101,4740.0,46.93069306930693,2025-03-03 14:53:06
zWmmk5HP8bg,Putin launches missile blitz to &#39;sink ship carrying weapons to Ukraine&#39;,The Sun,263281,2387,1156,1.45,109,4239.0,38.88990825688074,2025-03-02 16:01:03
zpJhg-XE6S0,Putin PANICKED... Ukraine STOPS Russia COLD,The Military Show,226677,4871,352,20.183333333333334,50,1197.0,23.94,2025-04-08 20:15:02
zvo_WKNC5AE,Putin propagandist &#39;blown up by mine&#39; while reporting on Ukraine border,Daily Mail World,522830,4755,1268,0.18333333333333332,167,9603.0,57.50299401197605,2025-03-26 13:52:44
